bar,run_start,run_stop,nonlinear_fast_threshold,linear_fit_params[0],linear_fit_params[1],quadratic_fit_params[0],quadratic_fit_params[1],quadratic_fit_params[2],stationary_point_x,stationary_point_y
1,2001,2279,2977.759,-16.044092,1.1481868,-6322.9796,5.3823918,-0.00071067058,3789.7324,3868.2435
1,2280,2308,2964.9716,-3.0256603,1.1608627,-7394.9965,6.1345237,-0.00083727507,3668.0627,3854.0766
1,2309,2565,2952.5464,-7.2056846,1.1604326,-7039.5648,5.9112133,-0.00080256405,3699.7117,3897.1456
1,2566,2720,2983.7349,-21.977533,1.1488063,-6420.8398,5.4369604,-0.0007185266,3784.6121,3865.8004
1,2721,3500,2988.7718,-18.433832,1.147409,-6658.847,5.5904491,-0.00074317292,3761.9198,3855.1589
1,3501,4196,3010.0656,-23.254019,1.1384991,-6616.0252,5.5286678,-0.000730525,3787.8395,3853.6789
1,4197,4269,2854.0181,-26.645429,1.2047001,-6948.9247,6.0511827,-0.00084824026,3571.2328,3846.1092
1,4270,4339,2878.6596,-27.526877,1.2003774,-7223.907,6.2063816,-0.0008705643,3567.7585,3841.727
1,4340,4413,3157.26,-13.124668,1.2243062,-76032.439,47.504829,-0.0078754894,3403.6679,4023.4228
1,4414,4509,3061.686,-18.731937,1.2121435,-48962.209,30.897528,-0.0059498633,3456.8074,3957.3806
1,4510,4566,2845.8984,-17.447069,1.200256,-6829.789,5.987806,-0.00084067531,3563.2229,3836.0008
1,4567,4622,2927.6335,-21.756165,1.1958154,-10645.665,8.1484141,-0.0011443655,3584.3542,3903.8424
1,4623,5000,2878.065,-19.643328,1.1935119,-7201.6204,6.1755536,-0.00086428553,3577.8682,3842.2462
2,2001,2282,2826.6645,-36.521951,1.236306,-7148.6702,6.2637897,-0.0008885578,3523.6235,3891.0835
2,2283,2565,3053.0368,-23.717618,1.2451631,-59976.826,38.22792,-0.0068048559,3407.683,4023.0687
2,2566,2608,2833.0577,-48.982679,1.2355236,-6998.1559,6.1411571,-0.00086579058,3546.8236,3891.9779
2,2609,3500,2824.9082,-50.431213,1.2378435,-7108.5336,6.2347086,-0.00088431875,3524.9283,3880.907
2,3501,4076,2758.9478,-51.560812,1.2587609,-6508.2479,5.9785893,-0.00086200853,3479.4605,3888.623
2,4077,4132,2782.6905,-53.112922,1.2551458,-7104.8622,6.3250509,-0.00091142047,3470.821,3870.2836
2,4133,4218,2793.1284,-57.349908,1.2497043,-6911.068,6.1566983,-0.00087840481,3506.3742,3877.731
2,4219,4333,2795.121,-62.691266,1.2521133,-7236.5939,6.384909,-0.0009181167,3478.7559,3865.055
2,4334,5000,3062.4806,-36.096073,1.2610106,-65866.254,42.186661,-0.0073622483,3349.6385,4027.3099
3,2001,2232,2902.4181,-33.345748,1.1839142,-6428.872,5.5922834,-0.00075949696,3682.2518,3865.5042
3,2233,2281,2867.8898,-36.458993,1.1870729,-5739.7932,5.1607809,-0.00069256533,3727.365,3877.8441
3,2282,2358,2803.1578,-17.879654,1.1987255,-5312.0547,4.9723218,-0.00067273685,3699.4267,3906.516
3,2359,2385,2856.185,-12.331343,1.1956287,-6504.4572,5.7389643,-0.00079520269,3616.3805,3896.5399
3,2386,2565,2817.6322,-12.020027,1.1954232,-5572.3471,5.133111,-0.00069762107,3686.2771,3907.1432
3,2566,2633,2891.3565,-45.08588,1.1869696,-6120.3446,5.388725,-0.00072654287,3709.0667,3871.9317
3,2634,2711,2913.1087,-50.17932,1.1883555,-6723.5282,5.7694321,-0.00078623403,3669.2994,3860.3811
3,2712,3500,2870.6969,-45.984684,1.1884874,-5835.0614,5.2221036,-0.00070254939,3715.9157,3868.8903
3,3501,4196,2831.7941,-52.581995,1.1968658,-5509.019,5.0555487,-0.00068096561,3716.7405,3867.4847
3,4197,4334,2666.954,-56.852229,1.2881998,-6227.744,5.9172864,-0.00086786021,3410.3612,3859.1786
3,4335,5000,2918.3104,-23.829227,1.2918337,-56840.078,37.81941,-0.0069533962,3293.708,3995.9066
4,2001,2232,2878.2126,-32.345415,1.226374,-8491.0679,7.1018348,-0.0010203471,3480.4854,3868.1049
4,2233,2289,2867.812,-28.686151,1.2265332,-8133.9651,6.8712062,-0.00098330823,3495.0076,3876.6541
4,2290,2353,2939.963,1.2437673,1.2298154,-28728.705,19.34167,-0.0049043413,3418.1736,3934.2105
4,2354,2565,3025.9019,-0.58031484,1.2313844,-50441.949,32.322639,-0.0062866588,3417.2159,3990.4004
4,2566,2633,2900.655,-30.663881,1.2229263,-9107.9861,7.4814199,-0.0010787666,3468.0992,3862.5204
4,2634,2711,2918.1128,-35.897145,1.2238664,-10146.777,8.1526867,-0.0011870545,3434.2419,3851.4108
4,2712,3500,2896.3572,-28.946294,1.2222368,-9157.0298,7.5241799,-0.0010876993,3459.4884,3855.6626
4,3501,4075,2883.1907,-29.977909,1.2271962,-9209.6013,7.5887225,-0.0011038011,3439.0101,3850.4129
4,4076,4196,2882.2842,-35.68668,1.2294134,-9279.4846,7.6436423,-0.0011129531,3434.505,3846.1671
4,4197,4224,2902.9612,-41.471127,1.2267073,-9902.7755,8.0198104,-0.0011698934,3428.5784,3842.8664
4,4225,4340,2913.5968,-44.558977,1.227249,-10462.153,8.3706123,-0.0012246199,3414.9224,3839.7943
4,4341,4535,2919.2974,-12.253275,1.2396007,-30948.146,20.766742,-0.0049948798,3396.4856,3928.7038
4,4536,4614,2826.0992,-14.384718,1.2393727,-8787.4007,7.4438757,-0.0010972296,3406.8369,3859.3212
4,4615,5000,2912.9065,-14.776259,1.2405221,-29854.529,20.079546,-0.0049590571,3406.5599,3929.7045
5,2001,2565,2776.2402,-17.414825,1.3942722,-57601.454,41.426194,-0.0075198194,3001.1426,4018.4229
5,2566,2633,2550.6968,-43.545601,1.3902994,-8790.4478,8.2497881,-0.0013447758,3067.3972,3862.0523
5,2634,2711,2566.5228,-47.067497,1.3907296,-9614.5461,8.8452886,-0.0014520663,3045.4317,3855.5378
5,2712,3500,2543.0318,-41.129942,1.390248,-8710.9179,8.2093006,-0.0013404969,3063.2905,3858.5075
5,3501,4196,2555.2601,-38.127296,1.3868601,-9160.761,8.5299346,-0.0013982348,3051.6599,3850.8325
5,4197,4224,2591.4367,-47.857565,1.3703393,-9188.5049,8.421038,-0.0013598201,3096.7271,3849.1746
5,4225,4375,2652.9535,-47.287685,1.3725239,-19213.422,15.24846,-0.0046348439,3050.3638,3877.3328
5,4376,5000,2933.1397,-17.656462,1.3854676,-86054.425,60.050793,-0.01,3007.4164,4098.138
6,2001,2200,2828.8467,-32.442907,1.2348344,-7563.7722,6.5589385,-0.0009408804,3487.1375,3870.9918
6,2201,2289,2795.0599,-32.276902,1.2360393,-6535.2424,5.8889186,-0.00083154062,3543.3957,3897.4444
6,2290,2565,3165.8001,-5.1047216,1.24053,-83196.695,52.30197,-0.0084477432,3357.3402,4057.1078
6,2566,2609,2850.8706,-36.808696,1.2320791,-8068.0065,6.8669395,-0.00098825401,3474.6477,3860.4143
6,2610,2633,2829.5743,-35.198239,1.2325229,-7347.0768,6.3976364,-0.00091201871,3510.4672,3873.3113
6,2634,2655,2859.2093,-41.412627,1.2357271,-8694.3178,7.2878227,-0.001058306,3443.1807,3852.335
6,2656,2827,2849.3556,-36.00477,1.2330286,-8277.6773,7.0169255,-0.0010147382,3458.332,3853.2492
6,2828,3500,2833.3183,-34.37544,1.2333743,-7660.0239,6.6185278,-0.00095067528,3481.8592,3859.6189
6,3501,4076,2815.3852,-36.349126,1.2369055,-7460.057,6.5004227,-0.00093364849,3481.9725,3859.1692
6,4077,4131,2813.7658,-43.440157,1.2435202,-7859.7137,6.8004533,-0.00098760973,3443.8415,3847.7223
6,4132,4224,2823.4542,-41.922774,1.2380277,-7896.4722,6.7996487,-0.00098433824,3454.4408,3846.0913
6,4225,4354,2835.1647,-44.440448,1.2447127,-8857.3276,7.4594045,-0.001096024,3403.6325,3842.7559
6,4355,5000,3161.9033,-12.725002,1.2738502,-95147.218,61.023177,-0.0095295897,3263.8934,4089.7903
7,2001,2565,2696.3896,-17.341315,1.4067042,-67667.466,48.795993,-0.0086301696,2956.778,4043.3291
7,2566,2624,2500.0,-43.960727,1.4021796,-8837.2278,8.4352988,-0.0014062784,2999.1067,3812.1874
7,2625,3500,2500.0,-45.565345,1.4100232,-9078.0806,8.636066,-0.0014452343,2987.8223,3825.6366
7,3501,4196,2500.0,-53.844565,1.4257211,-10549.127,9.8211859,-0.0016788843,2930.2515,3816.3612
7,4197,4229,2500.0808,-68.429282,1.3848625,-6965.9657,6.9000311,-0.0011026787,3130.0456,3830.8056
7,4230,5000,2783.5274,-39.481364,1.4537378,-76967.486,56.718913,-0.0099349699,2876.1761,4098.1149
8,2001,2237,2634.5267,-23.925386,1.2869959,-5535.4982,5.4685252,-0.00079365086,3448.7881,3906.6365
8,2238,2565,3126.1174,-4.7462198,1.2954767,-97716.906,63.816891,-0.01,3196.6056,4098.1603
8,2566,2632,2600.5442,-28.114031,1.2810837,-4491.0309,4.7123211,-0.00065955061,3573.7221,3926.7931
8,2633,3500,2620.9799,-28.222672,1.280042,-5086.1396,5.1380469,-0.00073536941,3497.6521,3893.4179
8,3501,4074,2608.0459,-42.438423,1.307451,-5327.2128,5.3442802,-0.00077630579,3440.4549,3936.7484
8,4075,4194,2527.715,-47.080907,1.3311378,-4941.4989,5.2062214,-0.00076666466,3399.3718,3894.8695
8,4195,4224,2598.0763,-60.363083,1.3022826,-5301.6886,5.3322801,-0.0007748872,3443.2635,3877.1733
8,4225,5000,2987.6683,-30.689465,1.3513778,-86930.265,59.371926,-0.0097465113,3083.0161,4093.327
9,2001,2200,2792.4239,-29.855523,1.2344845,-6699.1641,6.0098296,-0.00085499401,3515.589,3866.7477
9,2201,2290,2756.9594,-23.644796,1.2342487,-5838.871,5.4532106,-0.00076537831,3562.7045,3887.6019
9,2291,2347,3108.3108,-3.7008097,1.2434215,-76768.84,48.554031,-0.0080781777,3371.4239,4038.0901
9,2348,2565,3191.3206,-1.8387074,1.2501419,-95003.687,59.997125,-0.0092255638,3324.0012,4081.131
9,2566,2632,2764.2562,-28.695207,1.2392054,-6177.7801,5.6873207,-0.00080482732,3534.3702,3871.7234
9,2633,2725,2853.7087,-29.201486,1.2259097,-8152.7207,6.9193796,-0.00099762515,3468.2703,3845.8471
9,2726,3500,2783.8345,-26.67393,1.2296638,-6366.3762,5.7851359,-0.00081832382,3535.3481,3858.9029
9,3501,4074,2818.1612,-43.523011,1.2096053,-5860.7059,5.3728274,-0.00074407312,3625.4049,3870.969
9,4075,4224,2842.4746,-47.410705,1.2085995,-6437.4726,5.7041254,-0.00079064656,3606.1251,3851.2355
9,4225,4334,2903.642,-48.665154,1.2045738,-7954.96,6.6494699,-0.00093750882,3546.7679,3835.7603
9,4335,4505,3202.0134,-10.947194,1.2253688,-85820.537,53.165607,-0.0082968427,3399.0805,4045.3823
9,4506,5000,2783.2748,-15.466723,1.2238884,-6619.7649,5.9684256,-0.00085199021,3507.7953,3847.8533
10,2001,2144,2796.9344,-18.982886,1.2368925,-7241.4361,6.3992122,-0.00092253355,3469.656,3858.0321
10,2145,2232,2816.9036,-20.874398,1.2358199,-7835.2146,6.782041,-0.00098397298,3447.1417,3849.5874
10,2233,2290,2775.7313,-16.21784,1.2435901,-6999.4686,6.2779989,-0.00090764031,3461.6615,3870.8533
10,2291,2565,3033.1229,1.1976938,1.2528119,-63192.914,40.682941,-0.0072300741,3346.1343,4017.8387
10,2566,2633,2811.0807,-22.05614,1.2378668,-7767.0801,6.7480467,-0.00097999015,3442.8336,3849.2764
10,2634,2711,2839.5363,-25.24015,1.2379644,-8942.6227,7.5178388,-0.0011056451,3400.1754,3836.651
10,2712,2825,2812.2714,-18.649794,1.2374065,-7968.0163,6.8905684,-0.0010050506,3428.2965,3843.3113
10,2826,3500,2783.0805,-18.47963,1.2381032,-7035.3266,6.2810018,-0.00090586519,3464.714,3851.7172
10,3501,4072,2820.7812,-17.826682,1.2290925,-7584.7755,6.5985548,-0.00095260754,3463.4175,3846.6657
10,4073,4122,2822.521,-24.073897,1.2337755,-8056.1529,6.9222527,-0.0010071715,3437.6103,3839.0471
10,4123,4224,2834.8532,-27.568804,1.2326131,-8474.0202,7.1968073,-0.0010474177,3420.9472,3832.9973
10,4225,4338,2868.4195,-30.270606,1.2321174,-9828.7934,8.0643115,-0.0011910992,3385.8534,3823.6319
10,4339,4508,3177.8191,-9.5077657,1.2569404,-93145.861,58.974704,-0.0091681351,3305.0444,4072.6151
10,4509,5000,2786.2527,-9.1082994,1.2555369,-14754.267,11.17673,-0.0042900465,3358.8088,3869.7739
11,2001,2143,2922.1917,-28.575691,1.1745529,-6275.7468,5.447767,-0.00073082591,3729.2055,3877.6562
11,2144,2232,2938.2588,-31.931159,1.1742734,-6633.2539,5.6659153,-0.0007639548,3708.4969,3872.2443
11,2233,2281,2915.6915,-24.297385,1.1743106,-6071.715,5.3201151,-0.00071089094,3740.9969,3885.2866
11,2282,2346,2882.882,-3.5628888,1.1870181,-6568.2515,5.7412732,-0.00078992904,3636.4699,3875.6473
11,2347,2389,2889.101,-1.3947418,1.1829087,-6500.0397,5.6767492,-0.00077726782,3655.7665,3885.4461
11,2390,2512,2892.4601,-5.4609227,1.1813216,-6370.3065,5.5843431,-0.00076143748,3667.9098,3872.4506
11,2513,2565,2884.0409,-3.9853003,1.184523,-6338.0159,5.5641211,-0.00075836045,3668.8591,3886.1211
11,2566,2633,2964.2361,-29.167379,1.1686363,-6924.9783,5.8209859,-0.00078466629,3709.2573,3870.874
11,2634,2711,2975.1779,-31.914437,1.1755665,-7717.2707,6.3410045,-0.00086804494,3652.7564,3862.908
11,2712,2826,2943.2745,-27.23187,1.1742091,-6847.8661,5.8091441,-0.00078719366,3690.0268,3869.4748
11,2827,3500,2923.2731,-28.223987,1.1755892,-6402.3459,5.5357403,-0.00074559357,3712.7416,3873.0357
11,3501,4072,2949.8738,-28.901859,1.1636369,-6240.7491,5.3847636,-0.00071659347,3757.3082,3876.318
11,4073,4103,2942.5821,-33.340543,1.1695671,-6507.8721,5.5693231,-0.00074744704,3725.9328,3866.7276
11,4104,4196,2959.4095,-32.610425,1.1690029,-6889.5057,5.8141919,-0.00078432139,3708.9687,3866.2784
11,4197,4224,2921.6573,-45.762887,1.1830013,-6764.5996,5.7828293,-0.00078627099,3677.3342,3863.5088
11,4225,4253,2961.2732,-45.786482,1.1753212,-7156.818,5.9764581,-0.00081064278,3686.7652,3860.0234
11,4254,4275,2961.5594,-45.914747,1.1713496,-6932.7251,5.8232106,-0.00078548014,3707.7616,3860.3891
11,4276,4332,2980.6813,-44.088974,1.1675484,-7228.1955,5.9886959,-0.00080880309,3703.0371,3858.8768
11,4333,4365,2864.958,-15.011788,1.1972494,-6555.5753,5.775307,-0.00080144575,3605.3436,3868.4434
11,4366,4411,2912.0998,-15.423526,1.1762857,-6581.4442,5.68766,-0.00077493353,3672.4806,3861.1483
11,4412,4466,2936.0525,-14.912264,1.1708883,-6852.5388,5.8253298,-0.00079226092,3675.9787,3856.7185
11,4467,4496,2892.5529,-16.327258,1.1716791,-5883.6597,5.2271122,-0.00070079329,3730.5785,3863.3182
11,4497,4521,2939.5619,-14.950654,1.1686736,-6830.4798,5.8034264,-0.00078802542,3682.5108,3856.7842
11,4522,4577,2906.4269,-18.53603,1.1703222,-6055.5364,5.3240615,-0.00071468205,3725.2228,3861.5268
11,4578,4607,2947.6721,-16.30977,1.1674309,-6909.0658,5.8430505,-0.00079312162,3695.5373,3865.2119
11,4608,5000,2904.126,-18.654561,1.1696109,-5984.6418,5.2762075,-0.00070651819,3733.7158,3863.0142
12,2001,2232,2951.7463,-21.909283,1.1752574,-7057.0851,5.9397198,-0.000806776,3683.9852,3876.9492
12,2233,2281,2931.9106,-16.496189,1.1747123,-6516.0588,5.6107693,-0.00075653644,3707.8989,3889.7727
12,2282,2347,2880.9408,-3.7899262,1.1863439,-6150.3401,5.4529548,-0.00074047752,3684.7241,3896.8368
12,2348,2378,2914.7732,2.2975636,1.1816753,-7023.9063,5.9956721,-0.00082478559,3651.3553,3891.8313
12,2379,2518,2897.8341,-3.2747564,1.1841926,-6561.4111,5.7078046,-0.00078007408,3661.6384,3883.4762
12,2519,2565,2883.6296,4.8983711,1.1816235,-6279.3924,5.5393163,-0.00075605368,3662.5458,3875.6244
12,2566,2633,2974.1062,-23.813016,1.1731405,-7564.2095,6.243427,-0.00085232206,3663.4623,3869.4711
12,2634,2656,2992.6253,-27.572632,1.1748754,-8489.9938,6.8299782,-0.00094489283,3614.8994,3852.8294
12,2657,2832,2975.6554,-21.012107,1.1734348,-7918.8641,6.4806519,-0.00089160928,3634.7218,3857.5331
12,2833,3500,2959.9811,-22.168231,1.1741477,-7347.7932,6.1280572,-0.00083742733,3659.8971,3863.7587
12,3501,4075,2951.9443,-20.463428,1.1796936,-7709.1251,6.3870071,-0.00088142842,3620.9222,3857.7327
12,4076,4264,2968.6393,-27.379858,1.1778325,-8141.2537,6.6471179,-0.00092101948,3610.6423,3847.3348
12,4265,4332,2986.5021,-27.162659,1.1770821,-8767.996,7.0357503,-0.00098155519,3585.4226,3841.2005
12,4333,4451,2885.5801,-7.8413612,1.1926395,-7115.6688,6.1184252,-0.00085351028,3587.3919,3856.2542
12,4452,5000,2887.3983,-12.584662,1.1938378,-7186.3948,6.1611156,-0.000860391,3585.6033,3853.9161
13,2001,2232,3055.6349,-16.718664,1.1494174,-8607.765,6.7744323,-0.00092051562,3680.4544,3854.8128
13,2233,2281,3024.4473,-18.296452,1.1529808,-7794.0442,6.2992187,-0.00085144438,3701.5606,3860.9587
13,2282,2307,2928.3037,-11.836818,1.1659958,-6053.0021,5.2894025,-0.00070360785,3763.1929,3889.1199
13,2308,2359,2938.7991,-13.929979,1.1673627,-6467.4446,5.5573331,-0.00074691858,3723.0175,3875.9974
13,2360,2388,2909.7669,-10.290215,1.1646462,-5734.0293,5.0911424,-0.00067326766,3785.2491,3892.5213
13,2389,2516,2955.6803,-9.7966012,1.1628396,-6746.5023,5.7208508,-0.00077099377,3711.8529,3866.5776
13,2517,2565,2941.8583,-10.208179,1.1649194,-6655.552,5.6817399,-0.00076726584,3713.4019,3868.6717
13,2566,2633,3062.7867,-22.746057,1.1508511,-8838.7302,6.9062296,-0.0009394759,3676.2672,3853.7862
13,2634,2711,3060.2491,-29.098817,1.1551704,-9152.1515,7.1150162,-0.0009734871,3654.3495,3848.5136
13,2712,3500,3044.7457,-20.368036,1.1518108,-8486.0929,6.7128869,-0.00091323104,3677.5106,3850.4371
13,3501,4082,3019.1563,-19.104166,1.1567921,-8272.2912,6.6273748,-0.00090633469,3659.2074,3846.2841
13,4083,4196,3018.275,-24.037202,1.1608814,-8413.6538,6.7169136,-0.00092023087,3649.4451,3844.9346
13,4197,4224,3031.6374,-15.50986,1.1521186,-8432.2593,6.6938326,-0.00091201613,3670.1339,3843.7756
13,4225,4332,3054.6556,-18.838135,1.1495658,-8913.5401,6.9735363,-0.00095330052,3658.2866,3840.4208
13,4333,4357,2966.4451,-16.487824,1.151064,-6588.2371,5.5852639,-0.00074748634,3742.8611,3848.7147
13,4358,4383,2965.0479,-13.117899,1.1473725,-6257.8671,5.3568884,-0.00070951245,3776.7908,3856.0967
13,4384,4472,2965.994,-17.922086,1.1491617,-6264.0383,5.359254,-0.00070952568,3778.1819,3856.7693
13,4473,4622,2986.6066,-14.736667,1.1466122,-6731.7505,5.6443038,-0.00075295614,3749.1768,3850.3974
13,4623,5000,2966.1927,-13.961381,1.1485246,-6286.9675,5.3782812,-0.00071303982,3772.1934,3855.142
14,2001,2259,3048.215,-35.412048,1.134228,-6964.4902,5.6795659,-0.00074530151,3812.0048,3856.3016
14,2260,2281,3005.0177,-35.385233,1.1370896,-5908.3572,5.0435532,-0.0006498362,3882.6941,3878.3616
14,2282,2364,2918.343,-20.759602,1.1478952,-4898.4417,4.4856725,-0.00057119179,3933.2115,3913.3606
14,2365,2565,2950.8456,-15.448551,1.1428265,-5437.3282,4.8140855,-0.00062156827,3877.4819,3888.2035
14,2566,2634,3044.0716,-41.444126,1.1373497,-6887.1651,5.635196,-0.00073870091,3815.0039,3860.1551
14,2635,2656,3067.9771,-43.370172,1.140871,-8027.3782,6.345477,-0.00084816059,3741.4349,3841.3713
14,2657,3500,3036.746,-39.349721,1.1402381,-6981.4493,5.7116207,-0.00075307395,3793.2697,3849.0161
14,3501,4073,2991.7287,-38.445118,1.1547368,-7026.8687,5.8080383,-0.00077508977,3753.8133,3849.8485
14,4074,4196,2966.4564,-43.232413,1.1710196,-7427.5862,6.1541767,-0.00084057468,3656.5699,3836.6155
14,4197,4224,3006.2669,-39.847492,1.1456075,-6830.1831,5.6609456,-0.00075059536,3772.2578,3844.9666
14,4225,4332,3042.7523,-40.410729,1.1447653,-7949.8972,6.3440113,-0.00085440475,3713.2457,3826.9904
14,4333,4358,2883.7536,-20.90701,1.1621806,-5202.1359,4.7509464,-0.00062215534,3826.1475,3882.125
14,4359,5000,2917.0664,-21.875797,1.1600969,-5922.049,5.2028587,-0.00069259887,3759.5586,3855.1728
15,2001,2232,2819.2836,-39.405892,1.2127691,-6339.7901,5.6826198,-0.00079267415,3585.0736,3844.9382
15,2233,2289,2806.1827,-33.287299,1.2149741,-6208.5654,5.6087455,-0.00078267589,3581.6549,3858.0099
15,2290,2360,2998.2941,-15.086708,1.2251757,-47526.611,30.347206,-0.006120396,3451.6532,3960.2451
15,2361,2499,2819.464,-9.5843517,1.2094854,-6768.9588,6.0011006,-0.00084958528,3535.6433,3852.6591
15,2500,2565,2904.4959,-8.669496,1.2078335,-22627.477,15.349634,-0.0040182323,3523.7143,3924.261
15,2566,2609,2846.5863,-38.89635,1.1985208,-6190.0866,5.5196615,-0.00075889602,3637.5181,3846.7643
15,2610,2632,2820.7003,-40.696524,1.2025458,-5843.5351,5.3174865,-0.00072890373,3649.5245,3853.6424
15,2633,2656,2878.6581,-41.331895,1.2041789,-7452.3102,6.3528874,-0.00089418488,3552.3908,3831.7462
15,2657,2830,2836.1909,-33.665911,1.2048391,-6472.36,5.744478,-0.00080019442,3590.7719,3838.3741
15,2831,3500,2803.2195,-36.929616,1.2074268,-5794.9992,5.3162159,-0.00073287258,3627.296,3845.8853
15,3501,4074,2803.3216,-26.95577,1.2119155,-6237.6895,5.6147464,-0.00078399089,3586.8867,3842.7585
15,4075,4196,2794.568,-34.829916,1.2186624,-6215.7133,5.64105,-0.00079227354,3558.6655,3835.1684
15,4197,4224,2921.9216,-31.321635,1.1576973,-5904.0128,5.17857,-0.00068818662,3761.5801,3836.951
15,4225,4333,2963.4583,-31.554157,1.1574497,-6927.9306,5.8098746,-0.00078473644,3701.2651,3826.045
15,4334,4476,2866.0574,-6.4778265,1.1861081,-6897.2609,5.9925241,-0.00083832822,3575.7795,3818.2276
15,4477,4514,2840.6728,-12.810196,1.1897089,-6319.8879,5.6305197,-0.00078184126,3601.9344,3822.2295
15,4515,5000,2855.8008,-8.1374437,1.1867602,-6591.6613,5.7968508,-0.0008070142,3595.9265,3820.8453
16,2001,2258,3118.5567,-21.010835,1.1224721,-8108.0916,6.313221,-0.00083170589,3798.7945,3865.452
16,2259,2281,3049.7374,-32.080958,1.1196167,-5540.0984,4.7217933,-0.00059171605,3996.2403,3921.6173
16,2282,2565,2901.5249,-16.051602,1.1691822,-5283.2426,4.7974883,-0.00062473546,3843.2945,3927.4496
16,2566,2633,2975.3264,-41.120549,1.1594025,-6054.2125,5.2013806,-0.00067914819,3830.5607,3904.9658
16,2634,2725,3054.4975,-39.655426,1.1519045,-8077.1801,6.4136291,-0.00086115765,3723.6603,3863.4252
16,2726,3500,2980.4946,-37.133615,1.1542689,-6299.3438,5.3576638,-0.00070453718,3805.9837,3884.7647
16,3501,4072,2966.6262,-41.164815,1.1490953,-5662.3111,4.9415444,-0.00063970996,3861.0724,3902.916
16,4073,4196,3023.148,-35.353518,1.1369502,-6281.637,5.2667762,-0.00068147998,3864.4996,3877.5295
16,4197,4224,3325.238,-30.553722,1.0455467,-7901.1986,5.7902896,-0.0007132275,4068.6689,3845.3035
16,4225,4332,3456.0636,-32.405224,1.0249768,-9986.4092,6.7933498,-0.00083556058,4072.4158,3827.0072
16,4333,5000,3256.0833,-12.759163,1.051873,-6507.0806,5.0409298,-0.00061250097,4115.9578,3865.8857
17,2001,2200,2929.0765,-26.382027,1.1721747,-6596.5336,5.6584859,-0.0007657354,3694.7538,3856.0979
17,2201,2281,2863.417,-30.419797,1.189201,-5824.7773,5.2339538,-0.0007064239,3707.0274,3873.1689
17,2282,2320,2694.5823,-29.44684,1.2507027,-5517.0428,5.3199047,-0.00075404197,3529.4124,3872.2001
17,2321,2363,2696.5868,-23.334071,1.2436654,-5245.6756,5.113541,-0.0007166915,3568.8054,3897.1355
17,2364,2394,2729.5643,-21.792568,1.2240452,-5027.8077,4.8871712,-0.00067019072,3651.0277,3893.5477
17,2395,2510,2731.1063,-30.299679,1.2281636,-5181.642,5.0004998,-0.00069043347,3621.9765,3873.0614
17,2511,2565,2721.187,-22.790299,1.2283612,-5075.2002,4.9289911,-0.00067819189,3646.1445,3904.6618
17,2566,2633,2815.9437,-45.666602,1.2133811,-5941.5703,5.4006011,-0.00074346129,3631.5932,3866.0244
17,2634,2711,2882.7539,-47.161485,1.203281,-7077.6636,6.0806364,-0.00084595051,3592.8834,3849.0704
17,2712,3500,2790.4246,-41.930371,1.2155874,-5909.067,5.4456748,-0.00075793361,3607.8153,3857.3087
17,3501,4049,2804.9775,-42.779644,1.1955234,-5043.9787,4.7725126,-0.00063916916,3735.3684,3868.7872
17,4050,4196,2810.271,-44.334187,1.2034817,-5607.6084,5.1573417,-0.00070403039,3664.2741,3852.23
17,4197,4225,2968.0507,-45.184523,1.1352363,-5364.3164,4.7201062,-0.00060369074,3912.3471,3860.5317
17,4226,4332,3026.2265,-47.003145,1.1342111,-6529.7149,5.4183995,-0.00070781412,3826.6365,3839.0522
17,4333,4493,2905.3717,-22.426821,1.1509683,-5289.5148,4.7745635,-0.00062329696,3831.5588,3854.3434
17,4494,5000,2896.706,-28.032882,1.1522103,-5112.1563,4.6618632,-0.00060569351,3848.6601,3859.1879
18,2001,2200,3043.9842,-36.792257,1.1408754,-6895.929,5.6483067,-0.00074045265,3815.0948,3875.9974
18,2201,2280,3006.6867,-29.833506,1.1470017,-6479.5122,5.4449039,-0.00071546736,3806.8741,3883.2073
18,2281,2357,2984.7413,-1.5351426,1.1533678,-6896.4872,5.7729302,-0.00077371915,3731.5004,3872.3168
18,2358,2378,2892.8612,0.59813176,1.1854693,-6580.6525,5.7347293,-0.00078618461,3657.445,3882.1851
18,2379,2565,2925.3566,-3.2061682,1.1788041,-7003.6904,5.9599872,-0.00081656856,3648.2874,3871.1939
18,2566,2633,3011.632,-28.706095,1.166128,-8139.3315,6.5512845,-0.00089402871,3664.0893,3863.2581
18,2634,2711,3055.0556,-30.156991,1.1571238,-8938.2555,6.9886099,-0.00095433838,3661.9123,3855.801
18,2712,3500,3025.1717,-26.156403,1.1524187,-7755.5751,6.2647808,-0.00084466501,3708.9384,3858.8866
18,3501,4051,3070.7814,-22.199239,1.1301216,-7304.6218,5.8644305,-0.00077036356,3811.6329,3869.8943
18,4052,4074,3035.139,-27.253414,1.1468459,-7487.5481,6.0608926,-0.00080924921,3743.2815,3855.3414
18,4075,4196,3092.9474,-23.568092,1.1251926,-7673.7559,6.0614012,-0.00079765828,3798.0097,3851.8813
18,4197,4224,3191.5994,-29.822522,1.0902051,-7515.8452,5.781954,-0.00073503935,3933.2575,3854.3901
18,4225,4332,3220.0151,-30.94802,1.0895752,-8373.0106,6.2724094,-0.00080502611,3896.2146,3846.963
18,4333,4449,3100.1067,-3.0521308,1.1010681,-6529.9394,5.3103548,-0.00067852491,3915.8287,3862.4531
18,4450,4509,3084.8787,-5.7835968,1.1016748,-6010.105,4.9932922,-0.00063059744,3961.2961,3874.8052
18,4510,4570,3120.7315,-5.921302,1.1009002,-6906.9181,5.5236625,-0.00070865807,3897.9252,3857.4805
18,4571,4598,3140.916,-1.868564,1.0988414,-7583.2916,5.9251671,-0.00076829305,3856.9827,3842.7608
18,4599,5000,3120.9648,-5.5857245,1.1006091,-6902.2962,5.5198716,-0.00070808572,3899.2202,3855.7429
19,2001,2232,3149.7329,-35.058971,1.1016225,-7045.3784,5.5523823,-0.00070647953,3929.8371,3864.0892
19,2233,2281,3134.4592,-33.21229,1.1011045,-6663.6742,5.3333537,-0.0006756069,3946.6998,3867.1585
19,2282,2516,3094.709,-6.6117257,1.1060216,-6519.3467,5.3145667,-0.00067975566,3909.9464,3868.0458
19,2517,2565,3089.495,-1.9235058,1.1050201,-6420.2817,5.2550344,-0.00067067335,3920.7382,3869.4369
19,2566,2633,3174.6045,-35.706574,1.1001597,-7631.7156,5.8846121,-0.00075340983,3905.5216,3859.2951
19,2634,2656,3190.0994,-36.231244,1.0999562,-8128.1572,6.1730841,-0.00079507302,3882.179,3854.2471
19,2657,2826,3166.3574,-31.009035,1.0993165,-7520.7868,5.8299388,-0.00074693293,3902.5586,3854.1941
19,2827,3500,3143.6327,-32.122579,1.1002048,-6971.742,5.5173819,-0.00070281482,3925.4332,3856.7689
19,3501,4196,3085.0344,-32.138152,1.1234166,-7313.2249,5.8506451,-0.00076671295,3821.2489,3848.6257
19,4197,4224,3111.2225,-37.901283,1.1171292,-7464.3435,5.8910653,-0.00076715652,3839.6935,3845.3325
19,4225,4332,3130.3652,-39.71609,1.1167981,-7926.1543,6.1560593,-0.00080503812,3822.7017,3842.7108
19,4333,4472,3027.6991,-11.781233,1.1279212,-6493.9679,5.4101308,-0.00070717641,3825.3068,3853.2881
19,4473,5000,3038.5211,-12.901781,1.1271221,-6701.9095,5.5303369,-0.00072460616,3816.6733,3851.726
20,2001,2232,2961.5315,-29.316229,1.1634765,-6391.2037,5.4577754,-0.00072478406,3767.0323,3884.2014
20,2233,2281,2950.3177,-27.425325,1.1632755,-6078.5708,5.2646809,-0.00069588457,3784.3836,3893.6981
20,2282,2311,2901.2719,-6.8544903,1.1758403,-6279.1521,5.4912147,-0.00074237306,3711.3463,3892.0768
20,2312,2352,2980.2974,-2.7386335,1.1749126,-9005.8626,7.1485748,-0.00099308609,3614.4265,3905.7888
20,2353,2565,2903.9192,-4.6170892,1.1756681,-6312.0766,5.5129491,-0.00074610158,3705.5142,3913.5447
20,2566,2632,2965.4831,-32.670335,1.1648253,-6517.7885,5.5381068,-0.00073728222,3756.8476,3882.324
20,2633,2711,3013.3324,-34.692125,1.1637023,-8098.6164,6.515136,-0.00088787976,3669.611,3853.5496
20,2712,2826,2978.2902,-29.082271,1.1632974,-7120.6266,5.9247734,-0.00079919368,3708.2962,3860.8852
20,2827,3500,2955.6351,-28.711052,1.1635595,-6492.1073,5.5360397,-0.00073941998,3744.2984,3870.3295
20,3501,4196,2953.6563,-31.123694,1.1638585,-6563.3547,5.5858854,-0.00074887048,3728.9321,3860.7794
20,4197,4224,2995.1941,-36.34283,1.1569797,-7205.8326,5.9418394,-0.00079836712,3721.863,3849.1306
20,4225,4333,3009.2139,-40.674844,1.1574856,-7697.4678,6.2442142,-0.00084495621,3693.9707,3839.5034
20,4334,4496,2922.8975,-11.477748,1.1719818,-6911.7246,5.8902851,-0.00080671453,3654.0288,3860.7856
20,4497,4573,2911.3095,-12.882135,1.171083,-6415.245,5.5672797,-0.00075461457,3691.0722,3856.8069
20,4574,4637,2915.522,-15.614854,1.1724969,-6621.4989,5.693888,-0.00077408157,3687.0672,3878.7878
20,4638,5000,2929.2443,-12.197617,1.1711301,-6919.1055,5.8827527,-0.00080381302,3660.9535,3845.6981
21,2001,2232,3097.9169,-24.644137,1.1196963,-7206.8462,5.7554053,-0.00074814845,3846.4154,3862.5543
21,2233,2281,3072.4712,-28.170359,1.1223036,-6761.5674,5.4991584,-0.00071119032,3864.2303,3867.4802
21,2282,2311,3002.8007,-11.012813,1.1332943,-5997.1566,5.1203506,-0.00066402328,3859.3786,3877.25
21,2312,2376,2998.8775,-9.8895057,1.1330434,-5999.1717,5.1216586,-0.00066412853,3860.8987,3877.0613
21,2377,2487,2979.8744,-16.063498,1.1352986,-5545.0972,4.8439288,-0.00062211658,3895.5486,3885.0067
21,2488,2514,3018.6082,-12.303389,1.1319222,-6378.9175,5.3443368,-0.00069678604,3835.6632,3869.0969
21,2515,2565,2960.8542,-12.355012,1.1350734,-5346.2133,4.7393663,-0.00060804668,3926.025,3895.9978
21,2566,2635,3083.7658,-32.357951,1.123894,-6977.1957,5.6277667,-0.00073021584,3854.1304,3866.591
21,2636,2711,3092.5026,-35.584095,1.1247268,-7236.4157,5.7807796,-0.00075277076,3837.9152,3860.565
21,2712,2827,3078.1192,-27.786436,1.1228312,-6994.8275,5.6500833,-0.00073535202,3841.9477,3858.2604
21,2828,3500,3061.5043,-29.609102,1.1236517,-6592.9734,5.4113594,-0.00070021474,3864.1327,3861.6788
21,3501,4131,3070.6097,-32.294645,1.1215053,-6724.1003,5.4823465,-0.00071037941,3857.606,3852.5096
21,4132,4219,3112.1591,-32.757095,1.1140943,-7340.7092,5.8071171,-0.00075360176,3853.0837,3845.7763
21,4220,4333,3130.042,-36.994026,1.114264,-7867.8558,6.1180282,-0.00079934466,3827.4028,3839.4513
21,4334,4361,2961.4873,-18.982057,1.1319412,-5227.5104,4.6489073,-0.0005938076,3916.6326,3872.5114
21,4362,4505,2996.6057,-16.895967,1.1292933,-5838.5742,5.0141022,-0.00064804908,3870.3117,3860.8203
21,4506,4579,3011.2286,-17.711003,1.1289874,-6151.8009,5.202628,-0.0006763125,3844.8938,3856.1129
21,4580,5000,3019.6545,-13.928223,1.1269501,-6235.3265,5.2454522,-0.00068166473,3847.065,3856.9413
22,2001,2281,3247.5543,-22.249687,1.0782376,-7928.6419,5.9481283,-0.00074981047,3966.5863,3868.1399
22,2282,2324,3182.9134,-5.7221684,1.0886249,-7167.4964,5.5847869,-0.00070577274,3960.8448,3882.1291
22,2325,2358,3184.9259,-8.5816875,1.0893792,-7499.4138,5.7900108,-0.00073735854,3931.8337,3870.7533
22,2359,2382,3194.4344,-3.6819987,1.0870383,-7491.8291,5.7704871,-0.00073249541,3949.0489,3877.1601
22,2383,2565,3183.4145,-8.9102067,1.0901428,-7453.3981,5.7619758,-0.00073305712,3933.3334,3870.3659
22,2566,2638,3264.4922,-27.378436,1.0789769,-8472.5128,6.252199,-0.00079218748,3946.5914,3863.7781
22,2639,2712,3267.2925,-30.503961,1.0821788,-8821.9368,6.4618458,-0.00082311255,3924.4463,3858.7483
22,2713,2830,3243.8526,-23.997356,1.0823561,-8285.7489,6.1737423,-0.0007845766,3933.9222,3859.1575
22,2831,3500,3252.0621,-24.906231,1.0773526,-8087.4758,6.0321075,-0.00076139947,3962.0019,3859.9942
22,3501,4196,3234.3631,-25.672141,1.0799703,-7937.2477,5.9724992,-0.00075633654,3950.1112,3854.6033
22,4197,4248,3265.5651,-30.13708,1.0763504,-8554.2528,6.2964965,-0.00079921999,3940.4896,3848.0825
22,4249,4332,3262.842,-32.382551,1.0784904,-8642.8478,6.3576939,-0.00080938214,3927.907,3844.8002
22,4333,4491,3162.5836,-17.4396,1.0906913,-7050.146,5.5357794,-0.00070255613,3941.8379,3855.9984
22,4492,4514,3182.3625,-15.288127,1.0886313,-7519.475,5.8012284,-0.00073987449,3924.9264,3854.5678
22,4515,4536,3146.4104,-18.493478,1.0923905,-6553.3555,5.2449902,-0.00065979544,3975.3419,3871.7187
22,4537,4586,3169.8388,-18.204168,1.0907461,-7306.6984,5.6852189,-0.00072411225,3912.461,3854.34
22,4587,4635,3176.3487,-15.21487,1.0891791,-7316.858,5.6862875,-0.00072358391,3926.3524,3853.3373
22,4636,5000,3155.5967,-17.597914,1.091133,-6674.7674,5.3078941,-0.00066794891,3974.8814,3868.5409
23,2001,2232,3106.6019,-27.658031,1.1245336,-7541.3066,5.9608691,-0.00077827635,3829.839,3872.6505
23,2233,2281,3095.4636,-25.617305,1.1257986,-7386.8481,5.875538,-0.00076657807,3830.4363,3873.4226
23,2282,2370,3052.674,-1.6910857,1.1307884,-6974.3322,5.698325,-0.00074803066,3809.555,3878.3327
23,2371,2515,3035.0521,-6.1516892,1.1329488,-6648.4733,5.5093409,-0.00072078968,3822.6218,3880.3272
23,2516,2565,3031.6319,-1.3644123,1.1319752,-6599.4406,5.4842061,-0.00071746954,3826.5104,3880.1948
23,2566,2633,3122.0981,-27.419895,1.1255476,-8127.4751,6.3140276,-0.00083085687,3799.7221,3867.9998
23,2634,2655,3133.6521,-29.269214,1.1258911,-8536.2781,6.5550471,-0.00086614839,3783.9471,3865.4145
23,2656,2825,3111.9539,-23.51634,1.1248766,-7908.1447,6.1919405,-0.00081413255,3803.0334,3865.5868
23,2826,3500,3094.0104,-24.261535,1.1251464,-7445.6571,5.9223003,-0.00077513655,3820.2685,3866.6243
23,3501,4196,3139.4313,-22.653855,1.1120492,-7846.24,6.0968544,-0.00079389178,3839.9371,3857.4602
23,4197,4224,3165.901,-28.192171,1.1069126,-8084.747,6.1970501,-0.00080407801,3853.348,3855.4672
23,4225,4332,3180.1991,-27.979228,1.1058093,-8533.5423,6.4542706,-0.00084082752,3837.2705,3851.4792
23,4333,4398,3078.424,-4.855232,1.1145173,-6730.6063,5.4830508,-0.00070930099,3865.6678,3865.1059
23,4399,4534,3072.1648,-9.2209678,1.1163039,-6655.0916,5.4422038,-0.00070381114,3867.1648,3864.9846
23,4535,4636,3084.9824,-8.473367,1.1154894,-6890.4034,5.5798513,-0.00072365797,3854.295,3862.9883
23,4637,5000,3068.3718,-7.5120829,1.1153674,-6476.7714,5.3324736,-0.00068718984,3879.5081,3866.5682
24,2001,2232,2981.4931,-14.27386,1.1661922,-7088.5733,5.9084401,-0.00079489861,3718.6184,3896.8923
24,2233,2281,2954.1411,-14.970106,1.1723566,-6652.6906,5.6651234,-0.00076041228,3726.4288,3906.6446
24,2282,2565,3373.125,4.5794508,1.1829368,-104676.03,62.469835,-0.0092161418,3496.3542,4080.6382
24,2566,2634,2997.4696,-24.283357,1.1688074,-7706.3759,6.2938258,-0.00085461255,3683.6016,3882.023
24,2635,2711,3006.9881,-27.677866,1.170801,-8214.7925,6.6152201,-0.00090508003,3654.3521,3873.6865
24,2712,2841,3020.6929,-19.459836,1.1588778,-7794.8724,6.305995,-0.00085199983,3701.1506,3873.4177
24,2842,3500,2993.9939,-22.627451,1.1608095,-6895.7896,5.7534416,-0.00076738651,3749.1852,3888.6832
24,3501,4066,3023.1158,-23.264782,1.1520436,-7325.8298,6.0026271,-0.00080803025,3731.847,3883.8655
24,4067,4196,3033.441,-28.877225,1.1529806,-7765.7718,6.2507477,-0.0008399092,3718.6544,3864.7882
24,4197,4225,2941.5963,-33.722076,1.1926732,-7955.8451,6.5798527,-0.00091582886,3594.0733,3861.9753
24,4226,4251,2972.0267,-36.715202,1.1923382,-9255.9578,7.3954124,-0.0010435296,3543.6376,3848.5174
24,4252,4284,2960.657,-35.112563,1.1896746,-8254.1434,6.7409042,-0.00093738627,3596.7615,3864.8998
24,4285,4336,2977.7318,-36.537149,1.1913457,-9455.531,7.5148488,-0.0010616769,3540.3525,3848.4691
24,4337,4537,3378.1258,-11.841435,1.2051682,-114130.49,68.768726,-0.01,3443.0926,4098.1967
24,4538,5000,3310.4473,-12.919916,1.2034089,-97363.912,58.921321,-0.0089378436,3454.8417,4076.2888
